{"cameraMode":{"drawMode":0,"name":"Shaded","section":"Shading Mode"},"sceneLighting":false,"audioPlay":false,"sceneViewState":{"m_AlwaysRefresh":false,"showFog":true,"showSkybox":false,"showFlares":true,"showImageEffects":true,"showParticleSystems":true,"showVisualEffectGraphs":true,"m_FxEnabled":false},"in2DMode":false,"pivot":{"x":-1.9654419422149659,"y":1.3824772834777833,"z":3.9640536308288576},"rotation":{"x":-0.048862382769584659,"y":0.9472070336341858,"z":-0.17529751360416413,"w":-0.2639969289302826},"size":4.350864410400391,"orthographic":false}