{"cameraMode":{"drawMode":0,"name":"Shaded","section":"Shading Mode"},"sceneLighting":false,"audioPlay":false,"sceneViewState":{"m_AlwaysRefresh":false,"showFog":true,"showSkybox":false,"showFlares":true,"showImageEffects":true,"showParticleSystems":true,"showVisualEffectGraphs":true,"m_FxEnabled":false},"in2DMode":false,"pivot":{"x":1.1920928955078126e-7,"y":1.243415117263794,"z":-0.0000019669532775878908},"rotation":{"x":0.12615984678268434,"y":0.12377075850963593,"z":-0.015870999544858934,"w":0.9841359853744507},"size":1.9291274547576905,"orthographic":false}