{"cameraMode":{"drawMode":0,"name":"Shaded","section":"Shading Mode"},"sceneLighting":false,"audioPlay":false,"sceneViewState":{"m_AlwaysRefresh":false,"showFog":true,"showSkybox":false,"showFlares":true,"showImageEffects":true,"showParticleSystems":true,"showVisualEffectGraphs":true,"m_FxEnabled":true},"in2DMode":false,"pivot":{"x":1.1216543912887574,"y":0.23562680184841157,"z":0.13802886009216309},"rotation":{"x":0.0012439116835594178,"y":-0.9557853937149048,"z":-0.004001081455498934,"w":-0.2943701446056366},"size":0.3000006079673767,"orthographic":false}