{"cameraMode":{"drawMode":0,"name":"Shaded","section":"Shading Mode"},"sceneLighting":false,"audioPlay":false,"sceneViewState":{"m_AlwaysRefresh":false,"showFog":true,"showSkybox":false,"showFlares":true,"showImageEffects":true,"showParticleSystems":true,"showVisualEffectGraphs":true,"m_FxEnabled":false},"in2DMode":false,"pivot":{"x":-0.41687703132629397,"y":0.6850024461746216,"z":-1.105483055114746},"rotation":{"x":-0.052120864391326907,"y":0.9119758009910584,"z":-0.12247409671545029,"w":-0.38806620240211489},"size":2.8371083736419679,"orthographic":false}