{"cameraMode":{"drawMode":0,"name":"Shaded","section":"Shading Mode"},"sceneLighting":false,"audioPlay":false,"sceneViewState":{"m_AlwaysRefresh":false,"showFog":true,"showSkybox":false,"showFlares":true,"showImageEffects":true,"showParticleSystems":true,"showVisualEffectGraphs":true,"m_FxEnabled":false},"in2DMode":false,"pivot":{"x":-0.8243968486785889,"y":0.5454908609390259,"z":1.4760421514511109},"rotation":{"x":0.04611315578222275,"y":0.9524922966957092,"z":-0.23763887584209443,"w":0.18485142290592194},"size":4.314742088317871,"orthographic":false}