{"cameraMode":{"drawMode":0,"name":"Shaded","section":"Shading Mode"},"sceneLighting":false,"audioPlay":false,"sceneViewState":{"m_AlwaysRefresh":false,"showFog":false,"showSkybox":false,"showFlares":false,"showImageEffects":false,"showParticleSystems":false,"showVisualEffectGraphs":true,"m_FxEnabled":true},"in2DMode":false,"pivot":{"x":-4.76837158203125e-7,"y":0.918121337890625,"z":-0.017473936080932618},"rotation":{"x":0.024932414293289186,"y":0.9714231491088867,"z":-0.11648844927549362,"w":0.20572394132614137},"size":1.3031517267227173,"orthographic":false}