{"cameraMode":{"drawMode":0,"name":"Shaded","section":"Shading Mode"},"sceneLighting":false,"audioPlay":false,"sceneViewState":{"m_AlwaysRefresh":false,"showFog":true,"showSkybox":false,"showFlares":true,"showImageEffects":true,"showParticleSystems":true,"showVisualEffectGraphs":true,"m_FxEnabled":false},"in2DMode":false,"pivot":{"x":-0.009727418422698975,"y":0.9668045043945313,"z":0.5924439430236816},"rotation":{"x":0.08879385888576508,"y":0.7620623707771301,"z":-0.10700433701276779,"w":0.6324083805084229},"size":3.736872911453247,"orthographic":false}