{"cameraMode":{"drawMode":0,"name":"Shaded","section":"Shading Mode"},"sceneLighting":true,"audioPlay":false,"sceneViewState":{"m_AlwaysRefresh":false,"showFog":true,"showSkybox":true,"showFlares":true,"showImageEffects":true,"showParticleSystems":true,"showVisualEffectGraphs":true,"m_FxEnabled":true},"in2DMode":false,"pivot":{"x":-2.743664503097534,"y":5.664886951446533,"z":-37.71018981933594},"rotation":{"x":0.02068214677274227,"y":0.02546563558280468,"z":0.0005891266628168523,"w":-0.9995629787445068},"size":1.4792009592056275,"orthographic":false}