{"cameraMode":{"drawMode":0,"name":"Shaded","section":"Shading Mode"},"sceneLighting":false,"audioPlay":false,"sceneViewState":{"m_AlwaysRefresh":false,"showFog":true,"showSkybox":true,"showFlares":true,"showImageEffects":true,"showParticleSystems":true,"showVisualEffectGraphs":true,"m_FxEnabled":true},"in2DMode":false,"pivot":{"x":10.661537170410157,"y":2.5529346466064455,"z":20.466793060302736},"rotation":{"x":0.10881303995847702,"y":0.6718272566795349,"z":-0.10072505474090576,"w":0.7258596420288086},"size":0.8660253882408142,"orthographic":false}